Duration,x^0,x^1,x^2,x^3,x^4,x^5,x^6,x^7,y^0,y^1,y^2,y^3,y^4,y^5,y^6,y^7,z^0,z^1,z^2,z^3,z^4,z^5,z^6,z^7,yaw^0,yaw^1,yaw^2,yaw^3,yaw^4,yaw^5,yaw^6,yaw^7
0.814327,-1,0,0,0,0,0,0,0,1,0,0,0,0,0,0,0,1,0,0,0,4.65759,-12.1051,11.06,-3.53111,0,0,0,0,0,0,0,0
0.810808,-1,0,0,0,0,0,0,0,1,0,0,0,0,0,0,0,1.1,2.56989e-14,-0.437888,-5.22752e-13,-1.43753,7.54113,-9.43929,3.68327,0,0,0,0,0,0,0,0
